??,??,??,00,01,02,03,04,05,06,07,08,09,10,11,12,13,14,15,16,17,18,19,20,21,22,23
2016/01/01,??,CH4,,,,,,,,,,0#,1.8,1.8,1.8,1.8,1.8,1.8,1.8,1.8,1.9,1.9,1.9,1.9,1.9,1.9
2016/01/02,??,CH4,2.1,2,2,2,2,2.1,2.1,2,2,2,2,2,1.9,1.9,1.9,2,2,2,2.1,2,1.9,1.9,2,2
2016/01/03,??,CH4,2.1,2.2,2.3,2.4,2.4,2.2,2.4,2.5,2.3,2.2,2.2,2.1,2,1.8,1.9,1.9,1.8,1.8,1.8,1.8,1.8,1.8,1.9,1.8
2016/01/04,??,CH4,1.8,1.9,2,2,2.4,2.5,2.4,2.5,2.6,2.4,2.1,2.1,2,1.9,1.9,1.9,1.9,1.9,2,2,2.1,2.1,2.3,2.2
2016/01/05,??,CH4,2.4,2.3,2.3,2.2,2,2.1,1.9,1.9,1.9,1.9,1.9,2,1.9,1.8,1.8,1.8,1.7,1.7,1.8,1.7,1.7,1.8,1.8,1.8
2016/01/06,??,CH4,1.8,1.7,1.8,1.8,1.8,1.8,1.8,1.8,1.8,1.9,2,2.1,1.8,1.8,2,1.9,1.8,1.8,1.8,1.8,1.8,1.8,1.8,1.8
2016/01/07,??,CH4,1.8,1.8,1.8,1.8,1.8,1.8,1.8,1.8,1.8,1.8,1.9,1.9,1.8,1.8,1.8,1.8,1.8,1.8,1.8,1.8,1.8,1.9,1.8,1.8
2016/01/08,??,CH4,1.8,1.9,1.9,1.9,1.9,1.8,1.9,1.9,1.9,1.9,1.8,1.8,1.8,1.8,1.8,1.8,1.8,1.8,1.8,1.8,1.8,1.8,1.8,1.9
2016/01/09,??,CH4,1.9,1.8,1.8,1.8,1.9,1.8,1.8,1.8,1.9,1.8,1.9,1.8,1.8,1.8,1.8,1.8,1.8,1.8,1.8,1.8,1.8,1.9,1.9,1.9
2016/01/10,??,CH4,1.9,1.9,1.9,1.9,1.8,2.1,2.3,2.4,2.5,2.3,2.2,1.8,1.8,1.8,1.8,1.8,1.8,1.8,1.8,1.8,1.8,1.8,1.9,1.9
2016/01/11,??,CH4,1.9,2,2,1.8,1.7,1.7,1.8,1.8,1.8,1.9,1.8,1.9,1.8#,2,2,1.8,1.8,1.8,1.9,1.8,1.9,2,1.9,1.8
2016/01/12,??,CH4,1.8,1.9,1.9,1.8,1.8,1.8,1.8,1.8,1.8,1.8,1.8,1.8,1.8,1.8,1.8,1.8,1.8,1.9,1.8,1.8,1.8,1.8,1.8,1.8
2016/01/13,??,CH4,1.8,1.8,1.9,1.9,1.9,1.8,1.8,1.8,1.9,1.8,1.9,1.8,1.8,1.8,1.8,1.8,1.9,1.9,1.9,1.9,1.9,1.9,1.9,1.9
2016/01/14,??,CH4,1.9,1.9,1.9,1.9,1.9,1.9,1.9,1.9,1.9,1.9,1.9,1.9,1.9,1.9,1.9,1.9,2,2,2.1,1.9,1.9,1.9,1.9,1.9
2016/01/15,??,CH4,2,2,2,2.1,2.2,2.4,2.3,2.1,2.1,2.1,2,2.1,2.2,2,2,1.9,1.8,1.8,1.9,2,2,1.9,1.8,1.9
2016/01/16,??,CH4,1.9,1.9,1.9,1.9,1.8,1.8,1.9,1.9,1.8,1.9,1.8,1.8,1.8,1.8,1.8,1.8,1.8,1.9,1.9,1.8,1.9,1.9,1.8,1.8
2016/01/17,??,CH4,1.9,2.1,2.3,2.4,2.2,2.3,2.4,2.2,2.1,1.9,2,2,1.9,2,1.9,1.9,1.8,1.8,1.8,1.9,1.8,1.9,1.9,1.9
2016/01/18,??,CH4,1.9,1.9,1.9,1.9,1.9,1.9,1.9,1.8,1.8#,1.8,1.8,1.8,1.8,1.8,1.8,1.8,1.8,1.8,1.9,1.8,1.8,1.9,1.9,1.9
2016/01/19,??,CH4,1.8,1.8,1.9,1.9,1.9,1.9,1.9,1.9,1.9,1.9,2,2,1.9,1.9,1.9,1.9,1.9,1.9,1.8,1.8,1.8,1.8,1.8,1.8
2016/01/20,??,CH4,1.8,1.8,1.8,1.8,1.8,1.8,1.8,1.8,1.8,1.8,1.8,1.8,1.8,1.8,1.9#,1.8,1.8,1.8,1.8,1.8,1.8,1.8,1.8,1.8
2016/01/21,??,CH4,1.8,1.8,1.9,2.1,2.2,2.1,1.9,1.8,1.8,1.8,1.8,1.8,1.8,1.8,1.8,1.8,1.8,1.8,1.8,1.8,1.8,1.8,1.8,1.8
2016/01/22,??,CH4,1.8,1.8,1.8,1.8,1.8,1.8,1.8,1.8,1.8,1.8,1.9,1.9,1.8,1.9,1.9,1.8,1.8,1.8,1.8,1.8,1.8,1.8,1.8,1.8
2016/01/23,??,CH4,1.9,1.8,1.8,1.8,1.8,1.8,1.8,1.8,1.8,1.8,1.8,1.8,1.8,1.8,1.8,1.8,1.8,1.8,1.8,1.8,1.8,1.8,1.8,1.8
2016/01/24,??,CH4,1.8,1.8,1.8,1.8,1.8,1.8,1.8,1.8,1.9,1.8,1.8,1.8,1.8,1.8,1.7,1.8,1.8,1.8,1.8,1.8,1.8,1.8,1.8,1.8
2016/01/25,??,CH4,1.8,1.8,1.8,1.8,1.8,1.8,1.8,1.8,1.8,1.8,1.8,1.8,1.8,1.8,1.8,1.8,1.8,1.8,1.8,1.8,1.9,1.8,1.8,1.8
2016/01/26,??,CH4,1.8,1.8,1.9,1.8,1.8,1.8,1.8,1.8,1.8,1.8,1.8,1.8,1.7,1.8#,1.8#,1.7,1.8,1.8,1.8,1.8,1.8,1.9,1.9,1.9
2016/01/27,??,CH4,1.8,1.8,1.9,1.9,1.8,1.7,1.7,1.8,2,2,2,1.7,1.7,1.7,1.7,1.8,1.7,1.7,1.9,2,2.1,2.2,1.9,2.2
2016/01/28,??,CH4,2.1,2.3,2.6,2.8,2.5,2.3,2.5,2.4,2.5,2.7,2.6,2.7,2.8,2.7,1.9,1.8,1.8,1.8,1.9,1.9,1.8,1.8,1.8,1.8
2016/01/29,??,CH4,1.7,1.7,1.8,1.8,2.1,2.1,2.2,2.1,2,1.9,1.8,1.8,1.8,1.8,1.9,1.8,1.8,1.8,1.8,1.8,1.8,1.8,2,2
2016/01/30,??,CH4,1.8,1.8,1.8,1.8,1.8,1.9,1.8,1.8,1.8,1.8,1.8,1.8,1.8,1.8,1.8,1.8,1.8,1.8,1.8,1.8,1.8,1.8,1.8,1.8
2016/01/31,??,CH4,1.8,1.8,1.8,1.8,1.8,1.8,1.8,1.8,1.8,1.8,1.8,1.8,1.8,1.8,1.8,1.8,1.8,1.8,1.8,1.8,1.8,1.8,1.8,1.8
2016/02/01,??,CH4,1.8,1.8,1.8,1.8,1.8,1.8,1.8,1.8,1.8,1.8,1.8,1.8,1.8,1.8,1.8,1.8,1.8,1.8,1.8,1.8,1.9,1.9,1.9,1.9
2016/02/02,??,CH4,1.9,1.8,1.8,1.8,1.8,1.8,1.8,1.8,1.8,1.8,1.8#,1.8,1.8,1.8,1.8#,1.8#,1.8,1.8,1.8#,1.8,1.9,1.8,1.8,1.9
2016/02/03,??,CH4,1.9,1.9,1.8,1.8,1.9,1.9,1.8,1.8,1.9,1.9,1.8,1.9,1.8,1.8,1.8,1.8,1.8,1.8,1.8,1.8,1.8,1.8,1.8,1.8
2016/02/04,??,CH4,1.8,1.8,1.8,1.9,1.9,1.9,1.9,1.9,1.9,1.9,1.9,1.8,1.8,1.8,1.8,1.8,1.8,1.8,1.8,1.8,1.9,1.8,1.8,1.8
2016/02/05,??,CH4,1.9,1.8,1.8,1.9,1.9,2,1.9,1.9,1.9,1.9,1.9,1.8,1.8,1.8,1.8,1.8,1.8,1.8,1.8,1.9,1.9,1.9,1.9,1.9
2016/02/06,??,CH4,1.9,1.9,1.8,1.8,1.9,1.9,1.9,1.9,1.9,1.9,1.9,1.9,1.9,1.9,1.9,1.9,1.9,1.9,1.9,1.9,1.9,1.9,1.9,1.9
2016/02/07,??,CH4,2.1,2.1,2,2,2,2,2.1,2.1,2.2,2.1,1.8,1.8,1.8,1.8,1.8,1.8,1.9,1.9,1.8,1.9,2,2,2,2.1
2016/02/08,??,CH4,2.2,2.3,2.3,2.4,2.3,2.3,2.4,2.3,2.4,2.3,2.1,1.9,1.8,1.8,1.8,1.8,1.8,1.8,1.9,1.9,1.9,2,2.1,2.1
2016/02/09,??,CH4,2.1,2.1,2.1,2.1,2.2,2.2,2.2,2.3,2.1,2.1,1.9,1.9,1.8,1.8,1.8,1.9,1.8,1.8,1.8,1.9,1.9,1.9,1.9,1.9
2016/02/10,??,CH4,1.9,1.9,1.9,2.1,2.6,3.1,3.1,2.7,2.4,2.2,2.2,1.9,1.8,1.8,1.8,1.7,1.7,1.8,1.8,1.8,1.8,1.8,1.8,1.8
2016/02/11,??,CH4,1.8,1.8,1.8,1.8,1.8,1.8,2.1,2,1.9,1.9,1.9,1.8,1.8,1.8,1.8,1.8,1.9,1.9,1.9,1.9,2,2.1,2.2,2.3
2016/02/12,??,CH4,2.4,2.6,2.3,2.1,2,2.1,2.1,2.2,2.1,2.1,1.9,2,1.9,1.8,1.8,1.8,1.8,1.8,1.8,1.8,1.9,1.9,2.1,2.2
2016/02/13,??,CH4,2.1,2.1,2.3,2.4,2.7,2.4,2.5,2.5,2.4,2.1,2,1.8,1.8,1.8,1.8,1.8,1.8,1.8,1.8,1.9,1.9,2,2.1,2.1
2016/02/14,??,CH4,2.1,2.2,2.3,2.3,2.4,2.3,2.4,2.2,2,2,2,1.9,1.9,1.8,1.8,1.8,1.8,1.8,1.8,1.8,1.8,1.8,1.8,1.8
2016/02/15,??,CH4,1.8,1.8,1.9,1.8,1.8,1.9,1.9,1.8,1.8,1.8,2,1.9,1.8,1.8,1.8,1.8,1.8,1.8,1.8,1.8,1.8,1.8,1.8,1.8
2016/02/16,??,CH4,1.8,1.8,1.8,1.8,1.8,1.8,1.9,1.8,1.8,1.9,1.8,1.8,1.8,1.9,1.8,1.8,1.8,1.9,1.9,1.9,1.9,1.9,1.9,1.9
2016/02/17,??,CH4,1.9,1.9,1.9,1.9,1.9,1.8,1.9,1.9,1.9,1.9,1.9,1.9,1.9,1.9,1.9,1.8,1.8,1.9,1.9,1.9,1.9,1.9,1.9,1.9
2016/02/18,??,CH4,1.9,1.9,1.9,1.9,1.9,1.9,1.9,1.9,1.9,1.9,2,1.9,1.8,1.8,1.8,1.8,1.9,1.8,1.9,1.9,1.9,1.9,2,2
2016/02/19,??,CH4,2.2,,,,,,,,2#,1.9,1.9,1.8,1.8,1.8,1.9,1.9,1.9,1.9,1.9,1.9,1.9,1.9,1.9,1.9
2016/02/20,??,CH4,2,2,1.9,1.9,1.9,1.9,1.9,1.9,1.8,1.8,1.8,1.9,1.9,1.9,1.9,1.9,1.9,1.9,1.9,1.9,1.8,1.8,1.8,1.9
2016/02/21,??,CH4,1.9,1.9,1.9,1.9,1.8,1.8,1.8,1.9,1.8,1.8,1.8,1.8,1.8,1.8,1.8,1.8,1.8,1.8,1.8,1.8,1.8,1.8,1.8,1.8
2016/02/22,??,CH4,1.8,1.8,1.9,2,2.5,3.1,3,3.2,2.7,2.1,2,2,1.8,1.8#,1.8#,1.9,1.9,1.9,1.9,1.9,1.9,1.9,1.9,1.9
2016/02/23,??,CH4,1.9,1.9,1.9,1.9,1.9,1.9,1.8,1.8,1.8,1.8,1.8,1.8,1.8,1.8,1.8,1.8,1.8,1.8,1.8,1.8,1.8,1.8,1.8,1.8
2016/02/24,??,CH4,1.8,1.8,1.8,1.8,1.8,1.8,1.8,1.8,1.9,1.9,1.9,1.9,1.9,1.9,1.9,1.8,1.8,1.8,1.8,1.8,1.8,1.8,1.8,1.8
2016/02/25,??,CH4,1.8,1.8,1.9,1.8,1.8,1.8,1.8,1.8,1.8,1.9,1.9,1.9#,1.8,1.8,1.8,1.9,1.9,1.9,1.9,1.8,1.8,1.8,1.8,1.8
2016/02/26,??,CH4,1.8,1.8,1.8,1.8,1.8,1.8,1.8,1.8,1.8,1.8,1.8,1.8,1.8,1.8,1.8,1.8,1.8,1.8,1.8,1.8,1.8,1.8,1.8,1.8
2016/02/27,??,CH4,1.8,1.8,1.8,2,2.1,2.3,2.1,1.9,1.9,1.9,1.9,2,1.9,1.9,1.9,1.9,1.8,1.8,1.8,1.8,1.8,1.8,1.9,1.9
2016/02/28,??,CH4,2,2.2,2.2,2.1,2.2,2.2,2.2,2.3,1.9,1.8,1.8,1.8,1.8,1.8,1.8,1.8,1.8,1.8,1.8,1.8,1.9,1.9,1.9,1.9
2016/02/29,??,CH4,1.9,1.9,2,2.1,2.1,2,1.8,1.8,1.8,1.8,1.8,1.8,1.8,1.8,1.8,1.8,1.8,1.8,1.8,1.8,1.8,1.8,1.8,1.8
2016/03/01,??,CH4,1.8,1.8,1.8,1.8,1.8,1.9,1.9,1.9,1.8,1.8,1.8,1.8,1.8,1.8,1.8#,1.8,1.8,1.8,1.8,1.8,1.8,1.8,1.9,1.8
2016/03/02,??,CH4,1.8,1.8,1.9,1.9,1.9,1.9,1.9,1.9,1.8,1.8,1.8,1.8,1.8,1.7,1.7,1.7,1.7,1.8,1.8,1.8,1.8,1.8,2,2
2016/03/03,??,CH4,2,2,2.1,2.4,2.5,2.3,2.2,2.3,2.3,2,1.9,1.8,1.8,1.8,1.8,1.8,1.8,1.8,1.9,2,2.1,2,2,2
2016/03/04,??,CH4,2.1,2.2,2.1,2.3,2.3,2.3,2.2,2,2,2,2,1.9,1.8,1.8,1.8,1.8,1.8,1.8,1.9,1.9,1.9,2,2,2
2016/03/05,??,CH4,2,2,2.2,2.4,2.4,2.2,2.2,2.2,2,2,1.9,1.8,1.8,1.7,1.7,1.7,1.7,1.7,1.7,1.7,2,2,2.1,2
2016/03/06,??,CH4,2,2.3,2.5,2,1.9,1.9,1.9,1.9,2,1.9,1.8,1.7,1.7,1.7,1.7,1.7,1.8,1.7,1.7,1.8,1.8,1.8,1.8,1.8
2016/03/07,??,CH4,1.9,1.9,1.8,1.8,1.8,1.9,1.9,2,1.9,1.8,1.7,1.7,1.7,1.7,1.7,1.7,1.8,1.8,1.8,1.8,1.8,1.8,1.9,2
2016/03/08,??,CH4,2,2,2.2,2,2,1.9,2,2.1,2.1,2.1,2,1.9,1.8,1.9,1.9,1.8,1.8,1.9,1.9,2,2,2,2.1,2.2
2016/03/09,??,CH4,2.1,2.2,2.2,2.1,2.1,2,1.8,1.8,1.8,1.8,1.8,1.8,1.8,1.8#,1.8#,1.8,1.8,1.8,1.8,1.8,1.8,1.8,1.8,1.8
2016/03/10,??,CH4,1.8,1.8,1.8,1.8,1.8,1.8,1.8,1.8,1.8,1.8,1.8,1.8,1.8,1.8,1.8,1.8,1.8,1.8,1.8,1.8,1.8,1.8,1.8,1.8
2016/03/11,??,CH4,1.8,1.8,1.8,1.8,1.8,1.8,1.8,1.8,1.9,1.9,1.8,1.8,1.8,1.8,1.8,1.8,1.8,1.8,1.8,1.9,1.8,1.9,1.9,1.8
2016/03/12,??,CH4,1.9,1.9,1.9,1.9,1.9,1.9,1.9,1.9,1.9,1.9,1.9,1.9,1.8,1.8,1.9,1.9,1.9,1.9,1.9,1.9,1.9,2,2.2,2.5
2016/03/13,??,CH4,2.5,2.4,2.4,2.5,2.4,2.6,2.6,2.5,2.2,2.2,2.2,2.1,2,2,2,1.9,1.8,1.9,1.8,1.8,1.8,1.8,1.8,1.8
2016/03/14,??,CH4,1.8,1.8,1.8,1.8,1.8,1.8,1.8,1.8,1.8,1.8,1.8,1.8,1.8,1.8,1.8,1.8,1.8,1.8,1.8,1.8,1.8,1.8,1.8,1.8
2016/03/15,??,CH4,1.8,1.8,1.8,1.8,1.8,1.8,1.8,1.8,1.8,1.9,1.8,1.9,1.9,1.9,1.9,1.9,1.9,1.9,1.9,1.9,1.9,1.9,2,2.1
2016/03/16,??,CH4,2.1,2.2,2,2,2.2,2.1,2.3,2.2,2.1,2.2,2.1,1.9,1.9,1.9,1.9,1.9,1.8,1.8,1.8,1.8,1.9,1.8,1.9,1.9
2016/03/17,??,CH4,1.8,1.9,1.9,1.9,1.9,1.9,1.9,1.8,1.8,1.8,1.8,2.1,1.8,2,2.1,2.1,2.1,2,2.1,2.1,2.2,2.3,2.3,2.4
2016/03/18,??,CH4,2.7,2.7,2.7,2.8,3.2,2.3,2.4,2.5,2.7,2.4,2.2,2.4,2.6,2.4,2.5,2.5,2.6,2.6,2.5,2.3,2.4,2.6,2.7,3
2016/03/19,??,CH4,2.8,3.1,3.3,3.6,3.4,2,1.8,1.9,2,2.1,2,1.9,1.8,1.8,1.9,1.8,1.8,1.8,1.8,1.8,1.8,1.8,1.8,1.8
2016/03/20,??,CH4,1.8,1.8,1.9,1.9,1.9,1.9,1.9,1.8,1.8,1.8,1.8,1.8,1.8,1.8,1.8,1.9,1.9,1.8,1.8,1.8,1.8,1.8,1.9,1.8
2016/03/21,??,CH4,1.9,1.8,1.9,1.9,1.8,1.8,1.9,1.9,1.8,1.8,1.8,1.8,1.8,1.8#,1.8#,1.8,1.8,1.8,1.8,1.8,1.8,1.8,1.8,1.8
2016/03/22,??,CH4,1.8,1.9,1.9,1.9,1.9,1.9,2.1,2,2,2,2,2,2,1.9,1.8,1.8,1.8,1.9,1.9,1.9,1.8,1.7,1.8,1.8
2016/03/23,??,CH4,1.8,1.7,1.8,1.7,1.7,1.7,1.7,1.7,1.7#,1.7x,1.9#,1.8#,1.8,1.8,1.8,1.8,1.8,1.8,1.8,1.8,1.8,1.7,1.8,1.8
2016/03/24,??,CH4,1.8,1.8,1.8,1.8,1.8,1.8,1.8,1.8,1.8,1.8,1.8,1.8,1.8,1.8,1.8,1.8,1.8,1.8,1.8,1.8,1.8,1.8,1.8,1.8
2016/03/25,??,CH4,1.8,1.8,1.8,1.8,1.9,1.8,1.8,1.8,1.8,1.8,1.8,1.8,1.8,1.8,1.8,1.9#,1.8#,1.8,1.8,1.8,1.8,1.8,1.9,1.9
2016/03/26,??,CH4,2,2.1,2.1,2.1,2,2.1,2.2,2.1,2,1.8,1.8,1.8,1.8,1.8,1.8,1.8,1.8,1.8,1.9,1.8,1.9,1.9,1.9,2
2016/03/27,??,CH4,1.9,2,2,2.1,2.1,2,2,2.1,1.9,1.8,1.8,1.8,1.8,1.8,1.8,1.8,1.8,1.8,1.8,1.9,1.9,1.9,1.9,2
2016/03/28,??,CH4,2,2,2.1,2.1,2.2,2.1,2.1,2.1,2.1,1.9,1.8#,1.8#,1.8,1.8,1.8,1.8,1.8,1.8,1.8,1.9,1.9,1.9,2,2
2016/03/29,??,CH4,1.9,2.1,2.3,2.5,2.4,2.2,2.3,2.2,2.1,2,2,1.9,1.9,1.8#,1.8,1.8,1.8,1.8,1.9,1.9,2,2,2.1,2.1
2016/03/30,??,CH4,2.2,2.2,2.2,2.2,2.3,2.3,2.3,2.3,2.4,2.2,2.2,2.2,2,1.9,1.8,1.8,1.8,1.8,1.8,1.8,1.8,1.9,1.9,2.1
2016/03/31,??,CH4,2.2,2.2,2,2.1,2.3,2.3,2.3,2.2,2.2,2.2,2,1.9#,1.9,1.9,1.8,1.9,1.9,1.9,1.9,2,2,2,1.9,1.8
2016/04/01,??,CH4,1.8,1.8,1.8,1.9,1.9,1.9,1.9,1.9,1.9,1.9,1.9,1.9,1.9,1.8,1.9,1.8,1.9,1.9,1.9,1.9,2,2,2,2.2
2016/04/02,??,CH4,2.2,2.3,2.5,2.7,2.1,2.2,2.4,2.2,2.4,2.1,1.9,1.8,1.8,1.9,1.9,1.8,1.8,1.8,1.8,1.9,1.9,1.9,1.9,2
2016/04/03,??,CH4,2.2,2.2,2.2,2.1,2.3,2.4,2.5,2.6,2.2,1.9,1.9,1.9,1.9,1.9,1.9,1.8,1.8,1.9,1.9,1.9,2,2,2,1.9
2016/04/04,??,CH4,2,2.1,2.3,2.2,2.1,2.1,2.3,2.1,2.2,2.1,1.9,1.9,1.8,1.8#,1.8,1.9,1.9,1.8,1.8,1.8,1.8,1.8,1.9,1.9
2016/04/05,??,CH4,1.9,1.9,2.1,2,2,2.2,2.3,2.2,2.1,2,2,1.9,1.9,1.9,1.9,1.9,1.9,1.9,1.9,1.9,1.9,1.9,2,2
2016/04/06,??,CH4,2,2.1,2.3,2.4,2.5,2.6,2.4,2.2,2,1.9,1.9,1.9,1.9,1.9,1.8,1.8,1.8,1.8,1.8,1.8,1.9,1.8,1.9,2.1
2016/04/07,??,CH4,2.1,2.2,2.1,2.2,2.3,2.2,2.4,2.4,2.2,2.1,1.9,1.9,1.8,1.8,1.8,1.8,1.8,1.8,1.8,1.8,1.8,1.9,2,2
2016/04/08,??,CH4,2,2,2.2,2.2,2.2,2,1.8,1.8,1.8,1.8,1.8,1.9,1.8,1.8,1.8,1.8,1.8,1.8,1.8,1.8,1.8,1.8,1.8,1.8
2016/04/09,??,CH4,1.8,1.8,1.8,1.9,1.9,2,2,2,2,1.9,1.9,1.9,1.8,1.8,1.8,1.8,1.8,1.8,1.8,1.9,1.9,1.9,2,1.8
2016/04/10,??,CH4,1.8,1.8,1.9,1.9,2.1,2.1,2.1,2.3,2.1,2,1.9,1.8,1.8,1.8,1.8,1.8,1.8,1.9,1.9,1.9,2,2,1.8,1.8
2016/04/11,??,CH4,1.8,1.8,1.8,1.8,1.8,1.8,1.8,1.8,1.8,1.8,1.8,1.8,1.7,1.8,1.8,1.8,1.8,1.8,1.8,1.8,1.8,1.9,1.8,1.8
2016/04/12,??,CH4,1.8,1.8,1.8,1.8,1.8,1.9,1.9,2,1.9,1.9,2,1.9,1.9,1.8,1.8,1.8,1.8,1.9,1.8,1.9,1.8,1.8,1.8,2
2016/04/13,??,CH4,2.1,2.2,2.1,2.1,2.3,2.4,2,1.9,1.8,1.8,1.9,1.8,1.8,1.8,1.8,2,1.8,1.9,1.9,1.8,2,1.9,1.8,1.8
2016/04/14,??,CH4,1.8,1.8,1.9,1.8,1.8,1.8,1.9,1.9,1.8,1.8,1.8,1.8,1.8,1.8,1.8,1.8,1.8,1.8,1.8,1.8,1.8,1.8,1.8,1.8
2016/04/15,??,CH4,1.8,1.8,1.8,1.8,1.8,1.8,1.8,1.8,1.8,1.8,1.8,1.8,1.8,1.8,1.8,1.8,1.8,1.9,1.9,2,2,2,2.1,2.2
2016/04/16,??,CH4,2.2,2.3,2.3,2.4,2.5,2.4,2.5,2.5,2.4,1.9,1.9,1.9,1.9,1.9,1.8,1.8,1.8,1.9,1.9,2,2,2.1,2.2,2.3
2016/04/17,??,CH4,2.3,2.6,2.6,2.7,2.7,1.8,1.8,1.8,1.7,1.8,1.9,1.9,1.8,1.8,1.8,1.8,1.8,1.9,1.9,1.9,1.9,1.9,1.9,1.9
2016/04/18,??,CH4,1.9,1.9,2.1,2.1,2.1,1.9,1.9,1.9,1.9,2,1.9,1.9,1.8,1.8,1.8,1.8,1.8,1.8,1.8,1.8,1.8,1.8,1.8,1.9
2016/04/19,??,CH4,1.8,1.8,1.9,1.8,1.8,1.8,,,1.8#,1.8,1.8,1.8,1.8,1.8,1.8,1.8,1.8,1.8,1.9,1.9,1.9,1.9,1.9,1.9
2016/04/20,??,CH4,2,2.1,2.7,2.2,2.2,2.3,2.7,2.3,2.1,2,1.9,1.9,1.8,1.8#,1.8#,1.9,1.9,1.8,1.8,1.9,2,2.1,2.1,2.2
2016/04/21,??,CH4,2.2,2.1,2.2,2.3,2.5,2.6,2.2,2.2,2,1.9,1.9,1.8,1.8,1.8,1.8,1.8,1.8,1.8,1.8,1.8,1.8,1.8,1.8,1.8
2016/04/22,??,CH4,1.8,2,2.2,2.2,2.2,2.2,2.1,1.9,1.8,1.8,1.7,1.8,1.7,1.8,1.8,1.8,1.7,1.7,1.8,1.8,1.8,1.8,1.9,1.9
2016/04/23,??,CH4,1.9,1.8,2,2.2,2.2,2.1,1.9,1.9,1.9,1.8,1.8,1.8,,,,,,,,,,,,
2016/04/24,??,CH4,,,,,,,,,,1.9#,1.9,1.8,1.8,1.8,1.8,1.8,1.8,1.8,1.8,1.8,1.8,1.8,1.8,1.8
2016/04/25,??,CH4,1.8,1.8,1.9#,1.9,2,2,1.9,1.8,1.8,1.8,1.8,1.8,1.8,1.8#,1.8#,,,1.8,1.8,1.8,,,,
2016/04/26,??,CH4,,,,,,,,,1.8#,1.5#,1.7,1.8,1.8,1.9,1.8,1.8,1.8,1.8,1.8,1.9,1.9,1.9,1.9,2
2016/04/27,??,CH4,2.1,2.2,2,1.9,1.8,1.9,2,1.9,1.9,1.9,1.9,1.9,1.8,1.8,1.7,1.7,1.7,1.7,1.8,1.8,1.8,1.8,1.8,1.7
2016/04/28,??,CH4,1.8,1.8,1.7,1.7,1.8,1.9,1.9,1.9,1.9,1.9,1.9,1.9,1.9,1.9,1.9,1.9,1.9,1.9,1.9,1.9,1.9,1.9,1.8,1.8
2016/04/29,??,CH4,1.9,1.9,1.9,1.9,1.9,2,2,1.9,1.9,1.9,1.9,1.9,1.9,1.9,1.9,1.9,1.9,1.9,1.9,1.9,1.9,1.9,1.9,1.9
2016/04/30,??,CH4,1.9,1.9,2,1.9,2,1.9,2,2.1,2.1,2,1.9,1.8,1.8,1.8,1.8,1.8,1.9,1.9,2,1.9,2,2,2,2
2016/05/01,??,CH4,2,2.1,2.2#,2.1,2.1,2,2.1,,,2#,1.9,1.9,1.9,2,2,1.9,1.9,1.9,1.9,1.9,1.9,2,2,2.1
2016/05/02,??,CH4,2.3,2.4,2.3,2.4,2.3,2.2,2.3,2.6,2.5,2.2,1.9,1.8,1.8,1.9,1.9,1.8,1.8,1.8,1.9,1.8,1.9,1.9,2,2.1
2016/05/03,??,CH4,2.1,2.1,2.2,2,2.1,2.2,1.9,1.8,1.7,1.7,1.8,1.7,1.7,1.8,1.7,1.7,1.7,1.7,1.7,1.8,1.8,1.8,1.8,1.9
2016/05/04,??,CH4,1.9,1.9,1.9,2,2,1.9,1.9,2,1.8,1.8,1.7,1.7,1.7#,1.7#,1.8,1.8,1.8,1.8,1.8,1.8,1.8,1.8,1.9,1.9
2016/05/05,??,CH4,2,2,1.9,2,1.9,2,2,2,2,1.9,1.9,1.9,1.8,1.8,1.8,1.7,1.7,1.8,1.8,1.9,1.9,1.8,1.9,2
2016/05/06,??,CH4,2.1,1.9,2.1,2.3,2.1,1.9,2.1,2,1.9,1.8,1.7,1.7,1.7,1.8,1.8,1.7,1.7,1.7,1.7,1.8,1.8,1.8,1.8,1.8
2016/05/07,??,CH4,1.8,1.9,1.9,2,2,2.1,2,2,1.9,1.8,1.7,1.7,1.7,1.7,1.7,1.7,1.7,1.8,1.8,1.8,1.8,1.8,1.8,1.8
2016/05/08,??,CH4,1.9,1.8,2,1.9,1.9,1.8,1.9,1.9,2,2,1.9,1.9,1.7,1.7,1.7,1.7,1.8,1.8,1.8,1.8,1.8,1.9,1.9,1.9
2016/05/09,??,CH4,2,2,2.2,2.1,1.9,2,2,1.9,1.9,1.9,1.9,1.8,1.8,1.8,1.8,1.8,1.8,1.8,1.9,1.9,1.9,2.1,2,2
2016/05/10,??,CH4,2,2,2.2,2.1,2.1,2.2,2.4,2.3,2,2,1.9,1.8,1.8,1.8,1.8,1.7,1.8,1.8,1.8,1.9,1.8,1.8,1.8,1.8
2016/05/11,??,CH4,1.9,1.9,1.9,1.9,1.9,1.9,1.9,1.9,1.9,1.9,1.9,1.8,1.8,1.8,1.8,1.8,1.8,1.8,1.8,1.8,1.8,1.8,1.8,1.8
2016/05/12,??,CH4,1.8,1.8,1.8,1.8,1.8,1.8,1.8,1.8,1.8,1.8,1.8,1.8,1.8,1.8,1.8,1.8,1.8,1.8,1.8,1.8,1.8,1.8,1.9,2.1
2016/05/13,??,CH4,2.2,2.1,2,2,2.1,2.2,2.1,2.1,1.8,1.8#,1.8,1.7,1.7,1.7,1.7#,1.7,1.7,1.7,1.7,1.7,1.7,1.8,1.8,1.7
2016/05/14,??,CH4,1.7,1.8,1.8,1.8,1.7,1.8,1.8,1.8,1.7,1.7,1.7,1.7,1.7,1.7,1.7,1.7,1.7,1.7,1.7,1.8,1.8,1.8,1.8,1.8
2016/05/15,??,CH4,1.8,1.8,2.1,1.9,1.9,1.9,1.9,1.8,1.8,1.8,1.8,1.8,1.8,1.8,1.7,1.7,1.7,1.8,1.8,1.8,1.8,1.9,2,2
2016/05/16,??,CH4,1.8,1.8,1.9,2,2.1,2,2,1.9,1.9,1.9,1.8,1.8,1.8,1.8,1.8,1.8,1.8,1.8,1.8,1.8,1.8,1.8,1.8,1.8
2016/05/17,??,CH4,1.8,1.8,1.8,1.8,1.8,1.8,1.8,1.8,1.9,1.8,1.8,1.8,1.8,1.8,1.8,1.8,1.8,1.8,1.8,1.8,1.8,1.8,1.8,1.8
2016/05/18,??,CH4,1.8,1.8,1.8,1.8,1.8,1.8,1.9,1.8,1.9,1.9,1.9,2,1.9,2,2,1.9,1.9,1.9,1.8,1.8,1.8,1.8,1.9,1.8
2016/05/19,??,CH4,1.8,1.8,1.8,1.8,1.8,1.9,1.9,1.8,1.8,1.8,,1.8#,1.8,1.8,1.8#,1.7#,1.7,1.7,1.7#,1.7,1.7,1.8,1.8,1.8
2016/05/20,??,CH4,1.8,1.8,1.9,1.9,1.9,1.9,2,1.9,1.8,1.7,1.7,1.7,1.7,1.7,1.7,1.7,1.7,1.7,1.7,1.8,1.8,1.8,1.8,1.8
2016/05/21,??,CH4,1.8,1.8,1.8,1.8,1.8,1.8,1.8,1.8,1.8,1.8,1.7,1.7,1.7,1.8,1.9,1.8,1.9,1.9,2,2,2.1,2,2,1.9
2016/05/22,??,CH4,2,1.9,1.8,2,2.1,2.2,2.1,1.9,1.8,1.8,1.8,1.8,1.7,1.7,1.7,1.7,1.7,1.7,1.7,1.7,1.7,1.7,1.7,1.7
2016/05/23,??,CH4,1.7,1.7,1.7,1.7,1.7,1.7,1.7,1.7,1.7,1.7,1.7,1.7,1.7,1.7,1.7,1.7,1.7,1.7,1.7,1.7,1.7,1.7,1.8,1.8
2016/05/24,??,CH4,1.7,1.7,1.8,1.8,1.8,1.8,1.8,1.7,1.7,1.7,1.7,1.7,1.7,1.7,1.7,1.7,1.7,1.8,1.8,1.7,1.7,1.7,1.7,1.7
2016/05/25,??,CH4,1.7,1.7,1.8,1.8,1.8,1.8,1.8,1.8,1.7,1.7,1.7,1.7,1.7,1.7,1.7,1.7,1.7,1.7,1.7,1.7,1.8,1.8,1.8,1.8
2016/05/26,??,CH4,1.8,1.8,1.8,1.8,1.9,2.1,2,2.1,2,1.8,1.8,1.8,1.7,1.7,1.7,1.7,1.7,1.7,1.7,1.8,1.9,1.9,1.9,1.9
2016/05/27,??,CH4,2,1.8,1.9,2,2,1.9,1.8,1.8,1.8,1.8,1.8,1.8,1.7,1.7,1.7,1.7,1.7,1.8,1.7,1.7,1.8,1.8,1.8,1.8
2016/05/28,??,CH4,1.8,1.8,1.9,2,2,2,1.9,1.9,1.8,1.8,1.8,1.7,1.7,1.7,1.7,1.7,1.7,1.7,1.7,1.6,1.7,1.7,1.7,1.7
2016/05/29,??,CH4,1.7,1.9,2,2,2,1.9,1.8,1.8,1.7,1.7,1.6,1.7,1.7,1.7,1.6,1.6,1.6,1.7,1.7,1.7,1.7,1.7,1.7,1.7
2016/05/30,??,CH4,1.7,1.7,1.7,1.7,1.7,1.7,1.7,1.7,1.7,1.7,1.7,1.7,1.7,1.6,1.6,1.6,1.6,1.6,1.7,1.7,1.7,1.8,1.8,1.7
2016/05/31,??,CH4,1.8,1.8,1.7,1.8,1.8,1.8,1.8,1.8,1.7,1.7,1.7,1.7,1.7,1.7,1.7,1.7,1.6,1.7,1.7,1.7,1.7,1.8,1.7,1.8
2016/06/01,??,CH4,1.8,1.8,1.9,1.8,1.8,1.7,1.7,1.7,1.6,1.7,1.6,1.6,1.7,1.7,1.7#,1.6#,1.7,1.7,1.7,1.7,1.7,1.7,1.7,1.7
2016/06/02,??,CH4,1.7,1.7,1.7,1.7,1.7,1.7,1.7,1.7,1.7,1.7,1.7,1.8,1.8,1.8,1.8,1.7,1.8,1.7,1.7,1.7,1.8,1.8,1.8,1.8
2016/06/03,??,CH4,1.8,1.8,1.8,1.9,2,2.2,2.1,1.8,1.7,1.7,1.7,1.7,1.7,1.7,1.7,1.7,1.7,1.7,1.7,1.7,1.8,1.7,1.7,1.7
2016/06/04,??,CH4,1.8,1.8,1.9,1.8,1.8,1.8,1.8,1.7,1.7,1.6,1.7,1.7,1.7,1.7,1.7,1.7,1.7,1.7,1.7,1.7,1.7,1.7,1.7,1.7
2016/06/05,??,CH4,1.8,1.8,1.9,1.9,1.8,1.8,1.8,1.8,1.8,1.8,1.7,1.6,1.6,1.7,1.6,1.6,1.6,1.7,1.7,1.7,1.7,1.7,1.8,1.8
2016/06/06,??,CH4,1.8,1.8,1.9,2,1.9,1.8,1.8,1.9,1.8,1.8,1.8,1.7,1.7,1.7,1.7,1.7,1.8,1.7,1.8,1.9,1.9,2.1,2.1,2
2016/06/07,??,CH4,1.9,2,1.9,1.9,2,2.1,2,1.8,1.8,1.8,1.9,1.8,1.8,1.7,1.7,1.7,1.7,1.7,1.7,1.7,1.7,1.7,1.8,1.8
2016/06/08,??,CH4,1.9,1.9,1.9,1.9,2,2.1,2,1.9,1.9,1.8,1.7,1.7,1.7,1.7,1.6,1.6#,1.6,1.6,1.7,1.7,1.7,1.7,1.7,1.8
2016/06/09,??,CH4,1.8,1.8,1.8,1.9,1.9,2,2,1.8,1.7,1.7,1.8,1.8,1.7,1.7,1.7,1.7,1.7,1.7,1.7,1.8,1.8,1.8,1.8,1.8
2016/06/10,??,CH4,1.8,1.8,1.9,1.9,1.9,2,1.9,1.9,1.8,1.8,1.7,1.7,1.7,1.7,1.7,1.7,1.7,1.7,1.8,1.9,1.7,1.7,1.8,1.8
2016/06/11,??,CH4,1.8,1.8,1.8,1.8,1.8,1.8,1.8,1.8,1.8,1.7,1.8,1.8,1.7,1.8,1.7,1.7,1.7,1.7,1.7,1.7,1.8,1.8,1.8,1.9
2016/06/12,??,CH4,1.9,1.9,2,1.9,2.1,2.1,2,1.8,1.7,1.8,1.7,1.7,1.7,1.7,1.7,1.7,1.7,1.7,1.7,1.7,1.7,1.8,1.8,1.8
2016/06/13,??,CH4,1.8,1.9,1.8,1.8,1.7,1.8,1.8,1.8,1.8,1.8,1.8,1.7,1.6,1.6,1.6#,1.7,1.7,1.7,1.7,1.7,1.8,1.8,1.8,2
2016/06/14,??,CH4,2.1,2.1,2.1,2,1.7,1.7,1.7,1.8,1.8,1.8,1.9,1.7,1.7,1.7,1.8,1.8,1.8,1.8,1.7,1.9,1.8,1.9,2,1.9
2016/06/15,??,CH4,2.1,1.9,1.8,2,2.1,2.2,2,1.8,1.8,1.7,1.6,1.6,1.7,1.7,1.7#,1.7,1.7,1.7,1.7,1.7,1.7,1.8,1.8,2
2016/06/16,??,CH4,1.9,1.9,1.8,1.8,1.9,1.8,1.8,1.7,1.7,1.6,1.6,1.7,1.7,1.7,1.6,1.7,1.7,1.7,1.7,1.7,1.7,1.7,1.7,1.7
2016/06/17,??,CH4,1.7,1.8,1.8,1.8,1.9,1.8,1.9,1.8,1.8,1.7,1.6,1.6,1.7,1.6,1.6,1.7,1.8,1.8,1.8,1.7,1.8,1.8,1.7,1.8
2016/06/18,??,CH4,1.8,1.8,1.9,1.8,1.8,1.8,1.9,1.8,1.7,1.7,1.7,1.7,1.6,1.6,1.6,1.7,1.7,1.7,1.7,1.8,1.8,1.9,1.9,2
2016/06/19,??,CH4,1.9,1.8,1.8,1.9,1.9,2,2.1,1.9,1.7,1.7,1.7,1.7,1.7,1.6,1.6,1.6,1.6,1.6,1.6,1.7,1.7,1.7,1.7,1.8
2016/06/20,??,CH4,1.7,1.8,1.8,1.8,1.9,1.8,1.8,1.8,1.8,1.7,1.7,1.7,1.7,1.7,1.7,1.7,1.7,1.7,1.7,1.8,1.8,1.8,1.9,1.8
2016/06/21,??,CH4,1.8,1.8,1.9,1.9,1.8,1.9,1.8,1.8,1.7,1.7,1.7,1.7,1.7,1.7,1.7,1.7,1.7,1.7,1.7,1.7,1.9,1.9,2,1.9
2016/06/22,??,CH4,1.9,1.8,1.8,2,2,1.9,1.9,1.8,1.8,1.7,1.7,1.6,1.6,1.7,1.7,1.6,1.7,1.7,1.7,1.7,1.7,1.8,1.8,1.8
2016/06/23,??,CH4,1.9,1.8,1.7,1.8,1.9,2,2,1.9,1.8,1.7,1.7,1.7,1.7,1.7,1.7,1.7,1.7,1.7,1.7,1.7,1.7,1.7,1.7,1.7
2016/06/24,??,CH4,1.8,1.8,1.9,1.9,1.8,1.8,1.8,1.7,1.7,1.7,1.7,1.6,1.6,1.6,1.6,1.6,1.7,1.7,1.8,1.8,1.8,1.8,1.8,1.9
2016/06/25,??,CH4,1.9,1.9,1.8,1.9,1.8,1.8,1.8,1.8,1.8,1.8,1.7,1.7,1.7,1.7,1.6,1.6,1.7,1.7,1.7,1.7,1.7,1.7,1.8,1.8
2016/06/26,??,CH4,1.8,1.8,1.8,1.8,1.8,1.8,1.8,1.8,1.7,1.7,1.7,1.7,1.7,1.7,1.6,1.6,1.6,1.6,1.7,1.7,1.7,1.8,1.8,1.8
2016/06/27,??,CH4,1.7,1.7,1.8,1.8,1.8,1.9,1.9,1.8,1.7,1.7,1.7,1.6,1.7,1.7,1.7,1.6,1.6,1.6,1.6,1.6,1.7,1.7,1.7,1.8
2016/06/28,??,CH4,1.8,1.8,1.9,1.9,1.8,1.8,1.7,1.8,1.9,1.8,1.8,1.7,1.7,1.7,1.7,1.7,1.7,1.7,1.7,1.8,1.8,1.9,1.8,1.8
2016/06/29,??,CH4,1.9,2,1.9,1.8,1.9,1.9,2,1.9,1.8,1.8,1.7,1.7,1.6,1.6,1.6,1.6,1.7,1.6,1.7,1.6,1.7,1.7,1.7,1.7
2016/06/30,??,CH4,1.7,1.7,1.9,1.8,1.8,1.9,2,1.9,1.9,1.8,1.7,1.7,1.7,1.8,1.8#,1.7,1.6,1.6,1.6,1.7,1.7,1.7,1.8,1.8
2016/07/01,??,CH4,1.8,1.8,1.9,1.9,1.8,1.9,1.8,1.8,1.8,1.7,1.7,1.6,1.7,1.7,1.7,1.7,1.6,1.6,1.7,1.6,1.6,1.7,1.7,1.7
2016/07/02,??,CH4,1.7,1.8,1.7,1.7,1.7,1.8,1.8,1.8,1.7,1.7,1.7,1.7,1.7,1.7,1.7,1.7,1.7,1.8,1.8,1.8,1.9,1.9,1.9,1.9
2016/07/03,??,CH4,2,1.9,2.1,2,2,2,2.1,2.1,1.9,1.8,1.8,1.7,1.7,1.6,1.6,1.6,1.6,1.7,1.8,1.9,1.9,1.9,1.8,1.8
2016/07/04,??,CH4,1.9,2,2,2.1,2,2.1,2,1.9,1.8,1.7,1.7,1.7,1.7,1.7,1.6,1.6,1.6,1.7,1.7,1.7,1.7,1.7,1.6,1.6
2016/07/05,??,CH4,1.7,1.7,1.7,1.7,1.8,1.8,1.9,1.8,1.7,1.7,1.7,1.7,1.6,1.6,1.6,1.6,1.6,1.6,1.6,1.6,1.6,1.6,1.6,1.6
2016/07/06,??,CH4,1.6,1.6,1.6,1.6,1.6,1.7,1.7,1.6,1.7,1.7,1.7,1.6,1.6,1.6,1.6,1.6,1.6,1.6,1.6,1.6,1.6,1.6,1.7,1.7
2016/07/07,??,CH4,1.7,1.7,1.7,1.7,1.7,1.7,1.7,1.7,1.6,1.6,1.6,1.6,1.6,1.6,1.6,1.6,1.6,1.6,1.6,1.6,1.6,1.6,1.6,1.6
2016/07/08,??,CH4,1.6,1.6,1.6,1.6,1.6,1.6,1.6,1.6,1.6,1.6,1.6,1.6,1.6,1.6,1.6,1.6,1.7,1.6,1.6,1.6,1.6,1.6,1.6,1.6
2016/07/09,??,CH4,1.6,1.6,1.6,1.6,1.6,1.6,1.6,1.6,1.6,1.6,1.6,1.6,1.6,1.7,1.7,1.7,1.6,1.6,1.7,1.8,1.8,1.7,1.8,1.8
2016/07/10,??,CH4,1.8,1.8,1.9,1.8,1.8,1.9,1.9,2,2,1.9,1.7,1.7,1.7,1.7,1.7,1.7,1.7,1.7,1.8,1.8,1.8,1.7,1.8,1.9
2016/07/11,??,CH4,2,1.9,2,1.9,1.8,1.8,2,1.8,1.8,1.7,1.6,1.7,1.7,1.7,1.7,1.7,1.7,1.7,1.7,1.7,1.7,1.8,1.8,1.8
2016/07/12,??,CH4,1.8,1.9,1.8,1.9,1.9,1.9,1.7,1.8,1.8,1.7,1.6,1.6,1.7,1.7,1.7,1.6,1.7,1.8,1.7,1.7,1.8,1.8,1.8,1.8
2016/07/13,??,CH4,1.8,1.9,1.9,1.9,1.9,2,2,1.9,1.7,1.7,1.7,1.7,1.6,1.6,1.7,1.7,1.7,1.7,1.7,1.7,1.6,1.7,1.7,1.7
2016/07/14,??,CH4,1.8,1.7,1.7,1.8,1.8,2,2,1.9,1.8,1.8,1.8,1.7#,1.7#,1.7,1.6,1.7,1.7,1.7,1.7,1.7,1.7,1.7,1.7,1.7
2016/07/15,??,CH4,1.8,1.9,1.8,1.7,1.8,1.7,1.8,1.8,1.7,1.7,1.7,1.7,1.7,1.7,1.7,1.7,1.7,1.7,1.7,1.7,1.7,1.7,1.7,1.7
2016/07/16,??,CH4,1.8,1.9,1.8,1.8,1.8,1.8,1.8,1.7,1.7,1.7,1.6,1.6,1.7,1.7,1.7,1.7,1.7,1.7,1.7,1.7,1.8,1.8,1.8,1.8
2016/07/17,??,CH4,1.8,1.8,1.7,1.8,1.7,1.8,1.8,1.8,1.7,1.7,1.7,1.7,1.7,1.6,1.7,1.7,1.7,1.7,1.8,1.8,1.8,1.8,1.8,1.8
2016/07/18,??,CH4,1.8,1.8,1.9,2,1.8,1.8,1.8,1.7,1.8,1.7,1.7,1.7,1.7,1.7,1.7,1.7,1.7,1.8,1.8,1.8,1.7,1.8,1.8,1.7
2016/07/19,??,CH4,1.9,1.9,1.9,1.9,1.8,1.9,1.9,1.8,1.7,1.7,1.7,1.7,1.7,1.6,1.7,1.7,1.7,1.7,1.8,1.8,1.7,1.8,1.9,1.9
2016/07/20,??,CH4,1.8,1.9,1.8,1.8,1.9,1.9,2,,1.8#,1.7,1.6,1.6,1.6,1.6,1.6,1.7,1.7,1.7,1.7,1.8,1.8,1.9,1.8,1.8
2016/07/21,??,CH4,1.9,2,2,1.9,1.9,1.9,2,1.9,1.7,1.8,1.7,1.7,1.7,1.6,1.6,1.6,1.6,1.7,1.7,1.7,1.6,1.7,1.7,1.8
2016/07/22,??,CH4,1.7,1.7,1.7,1.7,1.8,1.8,1.8,1.8,1.8,1.7,1.7#,1.7,1.7,1.7,1.7,1.7,1.7,1.8,1.8,1.7,1.7,1.7,1.7,1.8
2016/07/23,??,CH4,1.7,1.8,1.8,1.9,1.8,1.8,1.8,1.8,1.8,1.8,1.7,1.7,1.7,1.7,1.7,1.7,1.7,1.7,1.7,1.7,1.7,1.7,1.8,1.8
2016/07/24,??,CH4,1.8,1.7,1.7,1.7,1.9,1.9,1.9,1.9,1.8,1.8,1.8,1.8,1.7,1.7,1.6,1.6,1.6,1.7*,1.7,1.7,1.7,1.7,1.7,1.7
2016/07/25,??,CH4,1.7,1.7,1.7,1.7,1.8,1.7,1.9,1.8,1.7,1.7,1.7,1.7,1.6,1.7,1.7,1.6,1.6,1.6,1.6,1.6,1.6,1.7,1.7,1.7
2016/07/26,??,CH4,1.7,1.7,1.7,1.8,1.8,1.7,1.8,1.8,1.7,1.8,1.7,1.7,1.6,1.6,1.6,1.6,1.6,1.7,1.7,1.7,1.7,1.8,1.8,1.8
2016/07/27,??,CH4,1.8,1.7,1.7,1.8,1.8,1.8,1.8,1.8,1.8,1.7,1.7,1.7,1.7,1.7#,1.7#,1.7,1.7,1.7,1.7,1.7,1.7,1.7,1.7,1.8
2016/07/28,??,CH4,1.8,1.8,1.8,1.8,1.8,1.8,1.9,1.9,1.7,1.7,1.7,1.7,1.8,1.7,1.7,1.7,1.7,1.7,1.7,1.7,1.7,1.7,1.7,1.7#
2016/07/29,??,CH4,1.8,1.8,1.8,1.9,1.8,1.8,1.8,1.7,1.7,1.7,1.7,1.7,1.7,1.6,1.6,1.6,1.6,1.6,1.6,1.6,1.7,1.7,1.7,1.7
2016/07/30,??,CH4,1.7,1.7,1.7,1.8,1.8,1.8,1.8,1.8,1.8,1.7,1.7,1.7,1.6,1.6,1.6,1.6,1.6,1.6,1.6,1.6,1.6,1.7,1.7,1.7
2016/07/31,??,CH4,1.7,1.7,1.7,1.7,1.7,1.7,1.7,1.7,1.7,1.7,1.7,1.7,1.7,1.7,1.7,1.7,1.7,1.7,1.7,1.7,1.7,1.7,1.7,1.6
2016/08/01,??,CH4,1.6,1.6,1.6,1.7,1.7,1.6,1.6,1.6,1.6,1.6,1.7,1.6,1.6,1.6,1.6,1.6,1.6,1.6,1.6,1.6,1.6,1.6,1.6,1.6
2016/08/02,??,CH4,1.7,1.7,1.8,1.8,1.7,1.7,1.7,1.8,1.7,1.6,1.7,1.6,1.6,1.6,1.6,1.7,1.7,1.7,1.7,1.7,1.8,1.7,1.7,1.7
2016/08/03,??,CH4,1.8,1.8,1.8,1.8,1.8,2,1.9,1.8,1.8,1.8,1.7,1.7,1.7,1.7,1.7,1.7,1.7,1.7,1.7,1.7,1.7,1.7,1.7,1.7
2016/08/04,??,CH4,1.8,1.8,1.8,1.8,1.8,1.8,1.8,1.8,1.7,1.7,1.7,1.7,1.7,1.6,1.6#,1.7,1.7,1.7#,1.7,1.7,1.8,1.8,1.8,1.7
2016/08/05,??,CH4,1.7,1.8,1.8,1.8,1.8,1.8,1.8,1.8,1.8,1.7,1.7#,1.7,1.7,1.6,1.6,1.6,1.6,1.7,1.7,1.7,1.7,1.7,1.7,1.6
2016/08/06,??,CH4,1.7,1.6,1.7,1.7,1.8,1.9,1.8,1.9,1.9,1.8,1.7,1.7,1.7,1.7,1.7,1.6,1.6,1.6,1.7,1.6,1.7,1.7,1.7,1.7
2016/08/07,??,CH4,1.7,1.8,1.8,1.8,1.8,1.9,1.9,1.7,1.7,1.6,1.7,1.7,1.7,1.7,1.6,1.6,1.6,1.6,1.7,1.7,1.7,1.6,1.7,1.7
2016/08/08,??,CH4,1.7,1.8,1.7,1.7,1.7,1.8,1.8,1.8,1.8,1.7,1.6,1.6,1.6,1.6,1.6,1.6,1.6,1.6,1.7,1.7,1.8,1.8,1.7,1.7
2016/08/09,??,CH4,1.7,1.6,1.7,1.7,1.7,1.8,1.8,1.8,1.8,1.7*,1.7,1.7,1.6,1.7,1.8#,1.7#,1.7,1.7,1.7,1.7,1.7,1.7,1.7,1.7
2016/08/10,??,CH4,1.7,1.8,1.8,1.8,1.8,1.8,1.8,1.7,1.7,1.7,1.7,1.7,1.6,1.7,1.7,1.6,1.6,1.7,1.7,1.7,1.7,1.7,1.7,1.7
2016/08/11,??,CH4,1.7,1.7,1.7,1.8,1.8,1.8,1.8,1.7,1.7,1.8,1.8,1.8,1.8,1.8,1.8,1.7,1.7,1.7,1.7,1.7,1.7,1.8,1.8,1.8
2016/08/12,??,CH4,1.9,1.9,1.9,1.9,1.9,1.8,1.8,1.7,1.7,1.8,1.7,1.7,1.7,1.7,1.7,1.6,1.6,1.6,1.7,1.7,1.7,1.7,1.7,1.7
2016/08/13,??,CH4,1.7,1.7,1.8,1.8,1.8,1.8,1.8,1.8,1.7,1.7,1.7,1.7,1.7,1.7,1.7,1.7,1.7,1.7,1.7,1.7,1.7,1.7,1.7,1.7
2016/08/14,??,CH4,1.8,1.8,1.8,1.8,1.8,1.8,1.8,1.8,1.7,1.7,1.7,1.7,1.7,1.7,1.6,1.6,1.7,1.7,1.7,1.7,1.7,1.7,1.7,1.8
2016/08/15,??,CH4,1.8,1.8,1.8,1.8,1.8,1.8,1.7,1.7,1.6,1.6,1.6,1.6,1.6,1.6,1.7,1.7,1.6,1.6,1.6,1.7,1.7,1.7,1.6,1.6
2016/08/16,??,CH4,1.7,1.7,1.7,1.6,1.7,1.8,1.8,1.8,1.7,1.7,1.8,1.8,1.7,1.7,1.8,1.8,1.8,1.7,1.7,1.7,1.7,1.7,1.7,1.7
2016/08/17,??,CH4,1.7,1.8,1.8,1.8,1.8,1.9,1.9,1.8,1.7,1.7,1.7,1.7,1.7,1.7,1.7,1.7,1.7,1.7,1.7,1.7,1.7,1.7,1.7,1.8
2016/08/18,??,CH4,1.8,1.8,1.8,1.8,1.8,1.8,1.8,1.8,1.8,1.7,1.7,1.7,1.7,1.7,1.7,1.7,1.7,1.7,1.7,1.7,1.7,1.7,1.8,1.8
2016/08/19,??,CH4,1.8,1.8,1.9,1.8,1.8,1.9,1.9,1.9,1.9,1.8,1.8,1.8,1.7,1.7,1.6,1.7,1.7,1.7,1.7,1.8,1.8,1.8,1.9,1.8
2016/08/20,??,CH4,1.9,1.9,1.9,1.8,1.8,1.8,1.8,1.8,1.8,1.8,1.8,1.7,1.7,1.7,1.7,1.7,1.7,1.7,1.7,1.8,1.7,1.7,1.8,1.8
2016/08/21,??,CH4,1.8,1.8,1.8,1.8,1.9,2,2,1.9,1.8,1.7,1.7,1.7,1.7,1.7,1.7,1.6,1.6,1.7,1.7,1.7,1.7,1.7,1.7,1.7
2016/08/22,??,CH4,1.7,1.8,1.8,1.8,1.8,1.8,1.9,1.8,1.9,1.8,1.7,1.7,1.7,1.7,1.6,1.7,1.7,1.7,1.7,1.7,1.8,1.8,1.8,1.8
2016/08/23,??,CH4,1.8,1.8,1.8,1.8,1.8,1.8,1.8,1.9,1.8,1.7,1.7,1.8,1.7#,1.7#,1.7#,1.7,1.7,1.6,1.7,1.7,1.7,1.7,1.7,1.7
2016/08/24,??,CH4,1.7,1.8,1.8,1.8,1.8,1.8,1.9,1.9,1.8,1.8,1.8,1.7,1.7,1.7,1.7,1.7,1.7,1.7,1.7,1.7,1.7,1.7,1.8,1.8
2016/08/25,??,CH4,1.8,1.8,1.9,1.9,1.9,1.9,1.9,1.9,1.8,1.7,1.8,1.8,1.7,1.7,1.7,1.7,1.7,1.7,1.7,1.7,1.7,1.7,1.7,1.8
2016/08/26,??,CH4,1.8,1.8,1.9,1.9,1.9,1.9,1.9,1.9,1.9,1.9,1.8,1.8,1.7,1.7,1.7,1.7,1.7,1.7,1.6,1.6,1.7,1.6,1.7,1.7
2016/08/27,??,CH4,1.8,1.8,1.8,1.8,1.7,1.8,1.7,1.7,1.7,1.7,1.8,1.7,1.7,1.6,1.7,1.8,1.7,1.7,1.7,1.7,1.8,1.8,1.8,1.8
2016/08/28,??,CH4,1.8,1.8,1.8,1.8,1.9,1.8,1.8,1.8,1.8,1.8,1.8,1.8,1.9,1.9,1.9,1.8,1.8,1.8,1.9,1.8,1.9,1.8,1.9,1.9
2016/08/29,??,CH4,2,2,2,2,2,2.2,2.1,2.1,1.9,1.8,1.8,1.8,1.7,1.8,1.8,1.8,1.8,1.8,1.8,1.8,1.8,1.8,1.9,1.9
2016/08/30,??,CH4,1.9,1.9,1.9,1.9,1.9,2,1.9,1.9,1.8,1.8,1.8,1.8,1.8,1.8,1.8,1.8,1.8,1.8,1.8,1.8,1.8,1.9,1.9,1.9
2016/08/31,??,CH4,1.9,1.9,2,1.9,1.9,2,2,1.9,1.9,1.9,1.9,1.9,1.9,1.8,1.9,1.9,1.9,1.9,1.9,1.9,1.9,1.9,1.8,1.9
2016/09/01,??,CH4,1.9,1.9,1.9,1.9,2.1,2,2.1,2.1,2.1,1.9,1.9,1.9,1.8,1.8,1.8,1.8,1.8,1.8,1.8,1.8,1.8,1.8,1.9,1.9
2016/09/02,??,CH4,1.9,2,2,2,2,2.1,2.1,1.9,1.9,1.8,1.8,1.8,1.8,1.8,1.9,1.8,1.8,1.8,1.8,1.8,1.8,1.9,1.9,1.9
2016/09/03,??,CH4,2,2,1.9,2,2,2,2,1.8,1.8,1.8,1.8,1.8,1.8,1.8,1.8,1.8,1.8,1.8,1.8,1.9,1.9,1.9,1.8,1.9
2016/09/04,??,CH4,1.8,1.8,1.8,1.8,1.9,1.9,1.9,1.8,1.8,1.8,1.8,1.8,1.8,1.8,1.7,1.8,1.8,1.8,1.8,1.8,1.8,1.8,1.8,1.8
2016/09/05,??,CH4,1.8,1.8,1.8,1.8,1.8,1.8,1.8,1.8,1.9,2,1.9,1.8,1.8,1.8,1.8#,1.7,1.7,1.7,1.8,1.8,1.8,1.8,1.8,1.8
2016/09/06,??,CH4,1.8,1.8,1.8,1.9,1.8,1.8,1.9,1.9,1.9,1.9,1.8,1.7,1.7,1.7,1.7,1.7,1.7,1.7,1.8,1.8,1.8,1.8,1.8,1.8
2016/09/07,??,CH4,,,,,,,,2#,2,2,1.9,1.8,1.7,1.7,1.7,1.8,1.8,1.7,1.7,1.7,1.8,1.7,1.8,1.9
2016/09/08,??,CH4,1.9,1.8,1.8,1.9,1.9,1.9,1.9,1.9,1.8,1.9,1.8,1.7,1.7,1.7,1.7,1.7,1.7,1.7,1.7,1.8,1.8,1.8,1.8,1.8
2016/09/09,??,CH4,1.7,1.8,1.9,1.8,1.9,1.9,1.9,1.8,1.8,1.7,1.7,1.8,1.7,1.7,1.7,1.7,1.7,1.7,1.8,2,1.8,1.9,1.8,1.8
2016/09/10,??,CH4,1.8,1.8,1.8,1.8,1.9,2,2,1.9,1.9,1.9,1.9,1.8,1.7,1.7,1.8,1.7,1.7,1.8,1.8,1.8,1.8,1.9,2,2
2016/09/11,??,CH4,2,2.2,2,2.1,2.2,2.1,2.2,2.1,1.9,1.8,1.7,1.7,1.7,1.7,1.7,1.7,1.7,1.7,1.7,1.7,1.8,1.8,1.8,1.8
2016/09/12,??,CH4,1.8,1.8,1.8,2,1.9,1.9,1.9,1.9,1.8,1.8,1.8,1.7,1.8,1.8,1.8,1.7,1.8,1.8,1.8,1.7,1.7,1.7,1.8,1.7
2016/09/13,??,CH4,1.8,1.7,1.7,1.8,1.9,2,1.9,1.8,1.8,1.7,1.7,1.7,1.7,1.7,1.7,1.6,1.6,1.6,1.7,1.7,1.6,1.6,1.6,1.6
2016/09/14,??,CH4,1.6,1.6,1.6,1.6,1.6,1.6,1.6,1.6,1.6,1.6,1.6,1.6,1.7,1.7,1.6,1.6,1.6,1.6,1.6,1.6,1.7,1.7,1.7,1.6
2016/09/15,??,CH4,1.6,1.6,1.6,1.6,1.6,1.6,1.6,1.6,1.6,1.6,1.6,1.6,1.6,1.6,1.6,1.6,1.6,1.6,1.6,1.6,1.6,1.7,1.6,1.6
2016/09/16,??,CH4,1.6,1.9,2.1,2.2,2.1,2.2,2.3,1.9,1.6,1.6,1.6,1.6,1.6,1.6,1.6,1.6,1.6,1.6,1.6,1.7,1.6,1.7,1.6,1.6
2016/09/17,??,CH4,1.7,1.6,1.7,1.7,1.7,1.7,1.7,1.7,1.7,1.6,1.6,1.7,1.6,1.7,1.7,1.7,1.7,1.7,1.7,1.7,1.7,1.7,1.7,1.7
2016/09/18,??,CH4,1.7,1.7,1.7,1.7,1.7,1.7,1.8,1.8,1.8,1.8,1.8,1.9,1.8,1.8,1.8,1.8,1.8,1.8,2,2.1,2,2,2.1,2.1
2016/09/19,??,CH4,2.1,2.1,2.1,2.1,2.2,2.3,2.4,2.3,2,1.9,1.8,1.8,1.8,1.8,1.8,1.8,1.7,1.7,1.8,1.8,1.8,1.8,1.8,1.8
2016/09/20,??,CH4,1.8,1.7,1.7,1.7,1.7,1.7,1.8,1.7,1.8,1.8,1.7#,1.7#,1.7,1.7,1.7,1.7,1.8,1.8,1.8,1.8,1.8,1.7,1.7,1.7
2016/09/21,??,CH4,1.7,1.8,1.7,1.8,1.8,1.8,1.8,1.8,1.7,1.7,1.7,1.7,1.7,1.7,1.7,1.7,1.7,1.7,1.7,1.7,1.7,1.7,1.7,1.8
2016/09/22,??,CH4,1.7,1.8,1.7,1.8,1.8,1.8,1.8,1.8,1.7,1.7,1.8,1.7,1.7,1.7,1.7,1.7,1.7,1.7,1.7,1.7,1.7,1.7,1.7,1.7
2016/09/23,??,CH4,1.7,1.8,1.8,1.8,1.8,1.8,1.8,1.8,1.7,1.7,1.7,1.7,1.7,1.7,1.7,1.7,1.7,1.7,1.7,1.7,1.7,1.8,1.8,1.7
2016/09/24,??,CH4,1.7,1.8,1.8,1.8,1.8,1.8,1.8,1.7,1.7,1.7,1.7,1.7,1.7,1.7,1.7,1.7,1.7,1.7,1.7,1.7,1.7,1.7,1.7,1.7
2016/09/25,??,CH4,1.8,1.8,1.7,1.8,1.8,1.8,1.7,1.7,1.7,1.7,1.7,1.7,1.7,1.7,1.7,1.7,1.7,1.7,1.7,1.7,1.7,1.7,1.7,1.7
2016/09/26,??,CH4,1.7,1.7,1.7,1.7,1.7,1.7,1.7,1.7,1.7,1.6,1.6,1.6,1.6,1.6,1.6,1.6,1.6,1.6,1.6,1.6,1.6,1.6,1.6,1.6
2016/09/27,??,CH4,1.6,1.6,1.6,1.6,1.6,1.6,1.6,1.6,1.6,1.6,1.6,1.6,1.6,1.6,1.7,1.6,1.6,1.6,1.6,1.6,1.6,1.6,1.7,1.7
2016/09/28,??,CH4,1.7,1.7,1.7,1.7,1.7,1.7,1.7,1.7,1.7,1.7,1.7,1.7,1.7,1.8,1.8,1.7,1.7,1.7,1.8,1.8,1.8,1.8,1.9,1.8
2016/09/29,??,CH4,1.8,1.8,1.8,1.8,1.9,2,2,2,1.9,1.8,1.8,1.8,1.8,1.8,1.8,1.8,1.8,1.8,1.8,1.8,1.9,1.9,2,1.9
2016/09/30,??,CH4,1.8,1.9,2,1.9,1.9,2,2,1.8,1.9,1.8,1.8,1.7,1.7,1.8,1.8,1.8,1.8,1.8,1.8,1.8,1.8,1.8,1.8,1.7
2016/10/01,??,CH4,1.7,1.7,1.7,1.7,1.7,1.6,1.6,1.7,1.7,1.6,1.6,1.6,1.6,1.6,1.6,1.6,1.6,1.6,1.6,1.6,1.7,1.7,1.7,1.6
2016/10/02,??,CH4,1.6,1.7,1.7,1.8,1.8,1.8,1.7,1.7,1.7,1.6,1.6,1.6,1.6,1.7,1.6,1.6,1.6,1.6,1.7,1.7,1.7,1.7,1.7,1.7
2016/10/03,??,CH4,1.7,1.7,1.7,1.7,1.7,1.8,1.7,1.7,1.8,1.8,1.7,1.6,1.7,1.6,1.6,1.6,1.6,1.7,1.7,1.6,1.7,1.7,1.7,1.8
2016/10/04,??,CH4,1.8,1.8,1.8,1.8,1.8,1.8,1.8,1.9,2,1.9,1.8,1.8#,1.7,1.7,1.7,1.8#,1.8,1.8,1.8,1.8,1.9,1.9,1.9,1.9
2016/10/05,??,CH4,1.8,1.8,1.8,1.8,1.8,1.8,1.8,1.8,1.7,1.7,1.7,1.7,1.7,1.7,1.7,1.7,1.7,1.7,1.7,1.7,1.7,1.7,1.7,1.7
2016/10/06,??,CH4,1.7,1.7,1.7,1.7,1.7,1.7,1.7,1.7,1.7,1.7,1.7,1.7,1.6,1.6,1.6,1.6,1.7,1.7,1.7,1.6,1.6,1.6,1.6,1.7
2016/10/07,??,CH4,1.7,1.7,1.6,1.6,1.6,1.6,1.6,1.6,1.7,1.7,1.8,1.7,1.7,1.7,1.7,1.6,1.6,1.6,1.7,1.7,1.6,1.7,1.9,1.9
2016/10/08,??,CH4,1.9,1.9,1.9,1.9,1.9,1.9,1.9,1.9,1.9,1.8,1.9,1.9,1.7,1.8,1.7,1.7,1.7,1.7,1.7,1.7,1.7,1.7,1.7,1.7
2016/10/09,??,CH4,1.7,1.7,1.7,1.7,1.7,1.7,1.7,1.7,1.7,1.7,1.7,1.7,1.7,1.7,1.7,1.7,1.7,1.7,1.7,1.7,1.8,1.8,1.7,1.7
2016/10/10,??,CH4,1.7,1.7,1.7,1.7,1.7,1.7,1.7,1.7,1.7,1.7,1.7,1.7,1.7,1.7,1.7,1.7,1.9,1.9,1.8,1.7,1.7,1.7,1.7,1.7
2016/10/11,??,CH4,1.7,1.7,1.7,1.9,1.9,2,1.9,2,1.8,1.7,1.7,1.7,1.7,1.7,1.7,1.7,1.7,1.7,1.7,1.7,1.7,1.7,1.7,1.7
2016/10/12,??,CH4,1.7,1.7,1.7,1.7,1.7,1.7,1.7,1.7,1.7,1.7,1.7,1.7,1.7,1.7,1.7,1.7,1.7,1.7,1.7,1.7,1.7,1.7,1.7,1.7
2016/10/13,??,CH4,1.7,1.8,1.7,1.7,1.7,1.7,1.8,1.7,1.8,1.7,1.7,1.8,1.8,1.8,1.7,1.8,1.7,1.7,1.8,1.8,1.7,1.8,1.8,1.7
2016/10/14,??,CH4,1.8,1.8,1.7,1.7,1.7,1.8,1.8,1.8,1.8,1.8,2,1.9,1.7,1.7,1.7,1.7,1.7,1.7,1.7,1.7,1.7,1.7,1.7,1.7
2016/10/15,??,CH4,1.7,1.7,1.7,1.7,1.8,1.8,1.7,1.8,1.7,1.7,1.8,1.8,1.7,1.7,1.7,1.7,1.7,1.7,1.7,1.7,1.7,1.7,1.7,1.7
2016/10/16,??,CH4,1.7,1.8,1.7,1.7,1.7,1.7,1.7,1.7,1.6,1.6,1.6,1.6,1.6,1.6,1.6,1.6,1.6,1.7,1.7,1.7,1.7,1.7,1.7,1.7
2016/10/17,??,CH4,1.7,1.7,1.7,1.7,1.7,1.7,1.7,1.7,1.7,1.7,1.7,1.7,1.7,1.6,1.7,1.7,1.7,1.7,1.7,1.7,1.7,1.7,1.7,1.7
2016/10/18,??,CH4,1.7,1.7,1.7,1.7,1.7,1.7,1.7,1.7,1.7,1.7,1.7,1.7,1.7,1.7,1.7,1.7,1.7,1.7,1.7,1.7,1.7,1.7,1.7,1.7
2016/10/19,??,CH4,1.7,1.7,1.7,1.7,1.7,1.7,1.7,1.7,1.7,1.7,1.7,1.7,1.6,1.6,1.6,1.6,1.6,1.7,1.7,1.7,1.7,1.7,1.7,1.7
2016/10/20,??,CH4,1.7,1.7,1.7,1.7,1.7,1.6,1.6,1.6,1.6,1.6,1.7,1.7,1.6,1.7,1.6,1.6,1.6,1.6,1.6,1.6,1.6,1.6,1.6,1.6
2016/10/21,??,CH4,1.6,1.6,1.6,1.6,1.6,1.6,1.7,1.7,1.7,1.7,1.8#,1.7,1.6,1.7,1.7,1.7,1.7,1.7,1.7,1.7,1.7,1.7,1.7,1.8
2016/10/22,??,CH4,1.8,2,1.9,1.9,2,2,1.9,1.8,1.8,1.8,1.7,1.8,1.8,1.7,1.7,1.7,1.7,1.7,1.7,1.8,1.8,1.9,1.9,1.9
2016/10/23,??,CH4,1.9,2,1.9,1.9,1.9,1.9,1.9,1.8,1.8,1.8,1.7,1.7,1.7,1.7,1.7,1.7,1.7,1.7,1.7,1.7,1.7,1.7,1.7,1.7
2016/10/24,??,CH4,1.7,1.7,1.7,1.7,1.7,1.7,1.7,1.7,1.7,1.8,1.7,1.7,1.7,1.7,1.7,1.7,1.7,1.7,1.7,1.7,1.8,1.8,1.7,1.7
2016/10/25,??,CH4,1.7,1.7,1.8,1.8,1.8,1.8,1.9,1.9,1.8,1.8,1.8,1.8,1.8,1.8,1.8,1.7,1.7,1.8,1.8,1.8,1.9,1.9,,
2016/10/26,??,CH4,,,,,,,,2#,1.9,1.9,1.8,1.8,1.8,,1.8,1.8,1.8,1.8,1.7,1.8,1.8,1.9,1.9,1.9
2016/10/27,??,CH4,1.9,1.8,2.1,2,2,2,1.9,1.9,1.9,1.8,1.9,1.9,1.7,1.7,1.7,1.7,1.7,1.7,1.7,1.8,1.8,1.8,1.8,1.9
2016/10/28,??,CH4,1.9,1.9,1.9,1.9,2.1,1.9,1.9,1.9,1.9,1.9,1.9,1.9,1.7,1.7,1.7,1.7,1.7,1.7,1.8,1.7,1.7,1.7,1.7,1.7
2016/10/29,??,CH4,1.8,1.8,1.7,1.8,1.8,1.8,1.8,1.7,1.7,1.7,1.7,1.7,1.7,1.7,1.7,1.7,1.7,1.8,1.8,1.8,1.7,1.7,1.7,1.7
2016/10/30,??,CH4,1.7,1.7,1.7,1.7,1.7,1.7,1.7,1.7,1.7,1.7,1.7,1.7,1.7,1.7,1.7,1.7,1.7,1.7,1.7,1.7,1.8,1.7,1.8,1.8
2016/10/31,??,CH4,1.8,1.7,1.8,1.8,1.8,1.8,1.8,1.8,1.8,1.8,1.8,1.7,1.7,1.7,1.8,1.8,1.8,1.8,1.8,1.8,1.8,1.8,1.8,1.8
2016/11/01,??,CH4,1.8,1.8,1.8,1.8,1.8,1.7,1.7,1.8,1.8,1.7,1.7#,,1.8x,1.8#,1.9#,1.8,1.8,1.9,1.9,1.8,1.8,1.8,1.8,1.8
2016/11/02,??,CH4,1.8,1.8,1.8,1.8,1.8,1.8,1.8,1.8,1.8,1.8,1.8,1.8,1.8,1.8,1.8,1.8,1.8,1.8,1.8,1.8,1.8,1.8,1.8,1.8
2016/11/03,??,CH4,1.8,1.8,1.8,1.8,1.8,1.8,1.8,1.8,1.8,1.8,1.8,1.8,1.8,1.8,1.8,1.9,1.8,1.8,1.8,1.8,1.8,1.8,1.8,1.9
2016/11/04,??,CH4,1.8,1.8,1.8,1.8,1.9,1.9,1.8,1.8,1.9,2,2,1.9,2.1,1.9,1.8,1.8,1.8,1.8,1.8,1.8,1.8,1.8,1.8,1.9
2016/11/05,??,CH4,1.9,1.9,1.9,1.9,2,2.2,2.4,2.3,2.1,1.9,1.9,1.8,1.8,1.8,1.8,1.8,1.8,1.8,1.9,1.9,2,2,1.9,1.9
2016/11/06,??,CH4,2,2,1.9,2,2.2,2.2,1.9,2,2,1.9,1.8,1.8,1.8,1.7,1.7,1.7,1.8,1.8,1.8,1.8,1.8,1.8,1.8,1.8
2016/11/07,??,CH4,1.8,1.8,1.8,1.8,1.8,1.8,1.8,1.8,1.8,1.8,1.8#,0#,0#,0#,1.7,1.7,1.7,1.8,1.8,1.8,1.8,2.1,2.1,2.1
2016/11/08,??,CH4,2.1,1.9,2,2,2,2,2,1.9,1.9,2,1.8,1.8,1.8,1.8,1.8,1.8,1.8,1.8,1.8,1.8,1.8,1.8,1.8,1.8
2016/11/09,??,CH4,1.8,1.8,1.8,1.8,1.8,1.8,1.8,1.8,1.8,1.8,1.9,1.9,1.8,2,2,2.1,2,1.8,1.8,1.8,1.8,1.8,1.8,1.8
2016/11/10,??,CH4,1.8,1.8,1.9,1.9,1.9,1.9,1.8,1.8,1.8,1.8,1.8,1.8,1.8,1.8,2,2.2,2,1.8,1.8,1.8,1.8,1.8,1.9,1.9
2016/11/11,??,CH4,1.9,1.8,1.9,1.8,1.8,1.9,1.9,1.9,1.8,1.8,1.8,1.8,1.8,1.8,1.8,1.8,1.8,1.8,1.8,1.9,1.9,1.9,1.9,1.9
2016/11/12,??,CH4,1.9,1.9,1.9,1.9,1.8,1.8,1.8,1.8,1.9,1.8,1.8,1.8,1.9,1.9,1.9,1.9,1.9,1.9,2,1.9,1.9,2,2.3,2.2
2016/11/13,??,CH4,2.1,2.1,2.1,2.2,2.2,2.2,2.3,2.3,2.2,2,1.8,1.7,1.7,1.7,1.7,1.7,1.8,1.9,1.9,1.9,1.9,2,2,2
2016/11/14,??,CH4,2.2,2.1,2.4,2.3,2.3,2.2,2.2,2.1,2,2,2,2#,1.9#,1.9,1.9,1.9,1.9,1.9,1.9,2,2,2,2,2
2016/11/15,??,CH4,2,1.9,1.9,1.9,1.8,1.9,1.9,1.8,1.8,1.8,1.9,1.8,1.8,1.8,1.8,1.8,1.8,1.8,1.8,1.8,1.8,1.8,1.8,1.8
2016/11/16,??,CH4,1.8,1.8,1.8,1.8,1.8,1.8,1.8,1.8,1.8,1.8,1.8,1.8,1.8,1.8,1.8,1.8,1.8,1.8,1.8,1.8,1.8,1.8,1.9,1.9
2016/11/17,??,CH4,1.8,1.8,1.9,1.9,1.9,1.9,1.9,1.9,1.8,1.8,1.8,1.8,1.8,1.8,1.8,1.8,1.8,1.8,1.8,1.9,1.9,1.9,1.9,1.9
2016/11/18,??,CH4,2,2,2,2,2,2,2,2,1.9,1.9,1.8,1.8,1.7,1.8,1.8,1.8,1.8,1.8,1.8,1.9,1.9,1.9,2,2
2016/11/19,??,CH4,1.9,1.9,2.1,2,2.1,2.2,2.1,2.2,2.1,2,2,1.9,1.9,1.9,1.9,1.9,1.9,1.9,1.9,1.9,1.9,2,1.9,2
2016/11/20,??,CH4,2.2,2.1,2.1,2.1,2,2,1.8,1.8,1.8,1.8,1.8,1.7,1.7,1.8,1.8,1.8,1.8,1.8,1.8,1.8,1.8,1.8,1.8,1.8
2016/11/21,??,CH4,1.7,1.8,1.7,1.8,1.8,1.8,1.8,1.8,1.8,1.9,1.9,2,1.8,1.8,1.8,1.8,1.8,1.8,1.8,1.8,1.8,1.8,1.8,1.8
2016/11/22,??,CH4,1.9,1.8,1.8,1.8,1.8,1.8,1.8,1.8,1.8,1.8,1.8,1.8,1.8,1.8,1.8,1.8,1.8,1.9,1.9,1.8,1.9,1.8,1.9,1.9
2016/11/23,??,CH4,1.9,1.8,1.8,1.8,1.8,1.8,1.9,1.8,1.8,1.8,1.8,1.8,1.8,1.9,1.8,1.8,1.8,1.8,1.8,1.8,1.8,1.8,1.8,1.8
2016/11/24,??,CH4,1.8,1.8,1.8,1.8,1.8,1.8,1.8,1.8,1.8,1.8,1.8,1.8,1.8,1.8,1.8,1.8,1.8,1.8,1.8,1.8,1.8,1.8,1.8,1.8
2016/11/25,??,CH4,1.8,1.8,1.8,1.8,1.8,1.8,1.8,1.8,1.8,1.8,1.8,1.8,1.8,1.8,1.8,1.8,1.8,1.8,1.8,1.8,1.8,1.8,1.8,1.8
2016/11/26,??,CH4,1.8,1.8,1.8,1.8,1.8,1.8,1.8,1.8,1.9,1.8,1.8,1.8,1.8,1.8,1.8,1.9,1.9,1.9,1.9,1.8,1.8,1.9,2,1.9
2016/11/27,??,CH4,1.9,1.9,1.9,1.9,1.9,1.9,1.9,1.9,1.8,1.8,1.8,1.8,1.8,1.8,1.8,1.8,1.8,1.8,1.8,1.8,1.9,1.9,1.9,1.9
2016/11/28,??,CH4,1.8,1.8,1.9,1.9,1.9,1.9,1.9,1.9,1.9,1.9,1.9#,1.9#,1.9,1.8,1.8,1.8,1.8,1.8,1.8,1.8,1.8,1.8,1.8,1.8
2016/11/29,??,CH4,1.8,1.8,1.8,1.9,1.9,1.8,1.9,1.8,1.8,1.8,1.8,1.8,1.8,1.8,1.8,1.8,1.8,1.8,1.8,1.8,1.8,1.8,1.8,1.8
2016/11/30,??,CH4,1.8,1.8,1.9,1.9,1.8,1.9,1.9,1.9,1.9,1.9,1.8,1.8,1.8,1.8,1.8,1.8,1.8,1.9,1.9,1.9,1.9,1.9,1.9,1.9
2016/12/01,??,CH4,1.8,1.8,1.8,1.8,1.8,1.8,1.8,1.8,1.9,1.8,1.8,1.8,1.8,1.8,1.9,1.8,1.9,1.9,1.9,1.8,1.9,1.8,1.8,1.8
2016/12/02,??,CH4,1.8,1.8,1.8,1.8,1.8,1.8,1.8,1.8,1.8,1.8,1.8,1.8,1.8,1.8,1.8,1.8,1.8,1.8,1.8,1.8,1.8,1.8,1.8,1.8
2016/12/03,??,CH4,1.8,1.8,1.8,1.8,1.8,1.8,1.8,1.8,1.8,1.8,1.8,1.8,1.8,1.8,1.8,1.8,1.8,1.8,1.8,1.8,1.8,1.8,1.8,1.8
2016/12/04,??,CH4,1.9,1.9,1.9,2,2.1,2,2.1,2.1,2.1,1.9,1.9,1.8,1.8,1.8,1.8,1.8,1.8,1.8,1.8,1.9,1.8,1.8,1.8,1.8
2016/12/05,??,CH4,1.8,1.8,1.8,1.8,1.8,1.8,1.8,1.8,1.8,1.8,1.8,1.8,1.8,1.9,1.9,1.8,1.9,1.9,1.9,1.9,1.9,1.9,1.9,1.8
2016/12/06,??,CH4,1.8,1.9,1.8,1.8,1.8,1.8,1.9,1.9,1.9,1.9,1.9,1.9,1.9,1.8,1.8,1.9,1.9,1.9,1.9,1.9,1.9,1.9,1.9,1.9
2016/12/07,??,CH4,1.8,1.8,1.8,1.8,1.8,1.8,1.8,1.8,1.8,1.9,1.9,1.8,1.8,1.8,1.8,1.8,1.8,1.8,1.9,1.9,1.9,1.8,1.8,1.8
2016/12/08,??,CH4,1.8,1.8,1.8,1.8,1.8,1.8,1.8,1.8,1.8,1.8,1.8,1.8,1.8,1.8,1.8,1.8,1.8,1.8,1.8,1.8,1.8,1.8,1.8,1.8
2016/12/09,??,CH4,1.8,1.8,1.9,1.8,1.8,1.8,1.8,1.8,2.1,1.9,1.8,1.8,1.8,1.8,1.8,1.8,1.8,1.8,1.8,1.8,1.8,1.8,1.8,1.8
2016/12/10,??,CH4,1.8,1.8,1.8,1.8,1.8,1.8,1.8,1.8,1.9,1.8,1.9,1.9,1.8,1.8,1.8,1.8,1.8,1.8,1.9,1.9,1.9,1.9,1.8,1.8
2016/12/11,??,CH4,1.8,1.8,1.8,1.8,1.8,1.8,1.8,1.8,1.8,1.8,1.8,1.8,1.8,1.8,1.8,1.8,1.8,1.8,1.9,1.8,1.8,1.8,1.8,1.8
2016/12/12,??,CH4,1.8,1.8,1.9,1.8,2,2,2.6,2.3,2.4,2.2,1.9,1.9#,1.9,1.8,1.8,1.8,1.8,1.9,1.9,1.9,1.8,1.9,1.8,1.9
2016/12/13,??,CH4,1.9,2,2,2,2,2,2,2,1.9,1.8,1.8,1.8,1.8,1.8,1.8,1.8,1.8,1.8,1.8,1.8,1.8,1.8,1.9,1.8
2016/12/14,??,CH4,1.8,1.8,1.8,1.8,1.8,1.8,1.9,1.9,1.9,1.8,1.8,1.8,1.9,1.9,1.9,1.9#,1.9,1.8,1.8,1.8,1.8,1.8,1.9,1.9
2016/12/15,??,CH4,1.9,1.9,1.9,1.9,1.9,1.9,1.9,1.9,1.9,1.9,1.9,1.9,1.8,1.8,1.8,1.9,1.9,1.8,1.8,1.8,1.8,1.8,1.8,1.8
2016/12/16,??,CH4,1.8,1.8,1.8,1.8,1.8,1.9,1.8,1.8,1.8,1.8,1.8,1.8,1.8,1.8,1.8,1.8,1.9,1.9,1.9,1.9,1.9,1.9,1.9,1.9
2016/12/17,??,CH4,1.9,1.9,1.9,1.9,1.9,1.9,1.9,1.9,1.9,1.8,1.8,1.8,1.8,1.8,1.8,1.8,1.8,1.8,1.8,1.8,1.8,1.8,1.9,1.9
2016/12/18,??,CH4,1.9,2,2,2.1,2.1,2.1,2.1,2,2,1.9,1.8,1.8,1.8,1.8,1.8,1.8,1.8,1.8,1.8,1.9,2,2,2,2.1
2016/12/19,??,CH4,2,2,2.1,2.4,2.2,2.2,2.2,2.1,2,1.9,1.8,1.8,1.9,1.9,1.8,1.8,1.8,1.8,1.9,1.9,1.9,1.9,1.9,1.9
2016/12/20,??,CH4,1.8,1.8,1.8,1.8,1.9,1.9,1.9,1.9,1.9,1.8,1.8,1.8,1.8,1.8,1.8,1.8,1.8,1.8,1.8,1.8,1.8,1.8,1.8,1.8
2016/12/21,??,CH4,1.8,1.8,1.8,1.8,1.7,1.7,1.8,1.8,1.7,1.7,1.7,1.7,1.7,1.8,1.9,1.9,1.8,1.8,1.9,1.9,1.9,1.9,1.9,2
2016/12/22,??,CH4,2.1,2.1,2,2.1,2.1,1.9,1.9,2,1.9,1.8,1.8,1.8,1.8,1.8,1.8,1.8,1.9,1.9,1.9,1.9,1.9,1.9,1.9,1.9
2016/12/23,??,CH4,1.9,1.9,1.9,2,2,2,2,2,2,2,2,2,2,2,2,2,2,1.9,1.9,1.9,1.9,1.9,1.9,1.9
2016/12/24,??,CH4,1.9,1.9,1.9,1.9,1.9,1.9,1.9,1.9,1.9,1.8,1.8,1.8,1.8,1.8,1.8,1.8,1.8,1.8,1.8,1.8,1.8,1.8,1.8,1.8
2016/12/25,??,CH4,1.8,1.8,1.9,1.8,1.9,1.9,1.9,1.9,1.8,1.8,1.8,1.8,1.8,1.8,1.7,1.7,1.7,1.8,1.8,1.9,1.9,1.8,1.8,1.8
2016/12/26,??,CH4,1.8,1.8,1.8,1.8,1.8,1.8,1.9,2,1.8,1.9,2,1.9,1.9,1.9,1.9,1.9,1.9,1.9,1.9,1.9,1.8,1.8,1.8,1.8
2016/12/27,??,CH4,1.8,1.9,1.9,1.9,1.9,1.9,1.9,1.9,1.8,1.8,1.8,1.8,1.8,1.8,1.8,1.8,1.8,1.9,1.9,1.9,1.9,1.9,1.8,1.8
2016/12/28,??,CH4,1.8,1.8,1.8,1.8,1.8,1.8,1.8,1.8,1.8,1.9,1.9,1.9,1.9,1.9#,1.8#,1.8,1.8,1.8,1.8,1.9,1.8,1.8,1.8,1.9
2016/12/29,??,CH4,1.8,1.8,1.8,1.8,1.8,1.8,1.8,1.8,1.8,1.8,1.8,1.8,1.8,1.8,1.8,1.8,1.8,1.8,1.8,1.8,1.8,1.8,1.8,1.8
2016/12/30,??,CH4,1.8,1.8,1.8,1.8,1.8,1.8,1.8,1.8,1.8,1.9,1.9,1.8#,1.9,1.8,1.9#,1.9,1.8,1.9,1.9,1.9,1.9,1.9,1.9,1.9
2016/12/31,??,CH4,1.9,1.9,1.9,1.9,1.9,1.9,1.9,1.9,1.9,1.9,1.8,1.8,1.8,1.8,1.8,1.8,1.8,1.8,1.8,1.8,1.8,1.8,1.8,1.8
